{
	"start":	{
		"connected":	[{
				"socket":	6,
				"local_host":	"192.168.225.23",
				"local_port":	41558,
				"remote_host":	"18.231.164.139",
				"remote_port":	5201
			}],
		"version":	"iperf 3.12",
		"system_info":	"Linux raspberrypi 6.6.20+rpt-rpi-v8 #1 SMP PREEMPT Debian 1:6.6.20-1+rpt1 (2024-03-07) aarch64",
		"timestamp":	{
			"time":	"Sun, 28 Apr 2024 14:19:00 GMT",
			"timesecs":	1714313940
		},
		"connecting_to":	{
			"host":	"18.231.164.139",
			"port":	5201
		},
		"cookie":	"kitsvj5z774xfxny2e7ewf2dfva7wepsfxwx",
		"target_bitrate":	10000000,
		"sock_bufsize":	0,
		"sndbuf_actual":	212992,
		"rcvbuf_actual":	212992,
		"test_start":	{
			"protocol":	"UDP",
			"num_streams":	1,
			"blksize":	1412,
			"omit":	0,
			"duration":	5,
			"bytes":	0,
			"blocks":	0,
			"reverse":	0,
			"tos":	0,
			"target_bitrate":	10000000
		}
	},
	"intervals":	[{
			"streams":	[{
					"socket":	6,
					"start":	0,
					"end":	1.000063,
					"seconds":	1.0000629425048828,
					"bytes":	1249620,
					"bits_per_second":	9996330.80589944,
					"packets":	885,
					"omitted":	false,
					"sender":	true
				}],
			"sum":	{
				"start":	0,
				"end":	1.000063,
				"seconds":	1.0000629425048828,
				"bytes":	1249620,
				"bits_per_second":	9996330.80589944,
				"packets":	885,
				"omitted":	false,
				"sender":	true
			}
		}, {
			"streams":	[{
					"socket":	6,
					"start":	1.000063,
					"end":	2.000062,
					"seconds":	0.99999898672103882,
					"bytes":	1249620,
					"bits_per_second":	9996970.12971951,
					"packets":	885,
					"omitted":	false,
					"sender":	true
				}],
			"sum":	{
				"start":	1.000063,
				"end":	2.000062,
				"seconds":	0.99999898672103882,
				"bytes":	1249620,
				"bits_per_second":	9996970.12971951,
				"packets":	885,
				"omitted":	false,
				"sender":	true
			}
		}, {
			"streams":	[{
					"socket":	6,
					"start":	2.000062,
					"end":	3.000061,
					"seconds":	0.99999898672103882,
					"bytes":	1249620,
					"bits_per_second":	9996970.12971951,
					"packets":	885,
					"omitted":	false,
					"sender":	true
				}],
			"sum":	{
				"start":	2.000062,
				"end":	3.000061,
				"seconds":	0.99999898672103882,
				"bytes":	1249620,
				"bits_per_second":	9996970.12971951,
				"packets":	885,
				"omitted":	false,
				"sender":	true
			}
		}, {
			"streams":	[{
					"socket":	6,
					"start":	3.000061,
					"end":	4.000062,
					"seconds":	1.0000009536743164,
					"bytes":	1251032,
					"bits_per_second":	10008246.455392404,
					"packets":	886,
					"omitted":	false,
					"sender":	true
				}],
			"sum":	{
				"start":	3.000061,
				"end":	4.000062,
				"seconds":	1.0000009536743164,
				"bytes":	1251032,
				"bits_per_second":	10008246.455392404,
				"packets":	886,
				"omitted":	false,
				"sender":	true
			}
		}, {
			"streams":	[{
					"socket":	6,
					"start":	4.000062,
					"end":	5.000096,
					"seconds":	1.000033974647522,
					"bytes":	1249620,
					"bits_per_second":	9996620.3683465738,
					"packets":	885,
					"omitted":	false,
					"sender":	true
				}],
			"sum":	{
				"start":	4.000062,
				"end":	5.000096,
				"seconds":	1.000033974647522,
				"bytes":	1249620,
				"bits_per_second":	9996620.3683465738,
				"packets":	885,
				"omitted":	false,
				"sender":	true
			}
		}],
	"end":	{
		"streams":	[{
				"udp":	{
					"socket":	6,
					"start":	0,
					"end":	5.000096,
					"seconds":	5.000096,
					"bytes":	6249512,
					"bits_per_second":	9999027.2186774,
					"jitter_ms":	1.7831141446880812,
					"lost_packets":	0,
					"packets":	4426,
					"lost_percent":	0,
					"out_of_order":	0,
					"sender":	true
				}
			}],
		"sum":	{
			"start":	0,
			"end":	5.170559,
			"seconds":	5.170559,
			"bytes":	6249512,
			"bits_per_second":	9999027.2186774,
			"jitter_ms":	1.7831141446880812,
			"lost_packets":	0,
			"packets":	4426,
			"lost_percent":	0,
			"sender":	true
		},
		"sum_sent":	{
			"start":	0,
			"end":	5.000096,
			"seconds":	5.000096,
			"bytes":	6249512,
			"bits_per_second":	9999027.2186774,
			"jitter_ms":	0,
			"lost_packets":	0,
			"packets":	4426,
			"lost_percent":	0,
			"sender":	true
		},
		"sum_received":	{
			"start":	0,
			"end":	5.170559,
			"seconds":	5.170559,
			"bytes":	6249512,
			"bits_per_second":	9669379.26827641,
			"jitter_ms":	1.7831141446880812,
			"lost_packets":	0,
			"packets":	4426,
			"lost_percent":	0,
			"sender":	false
		},
		"cpu_utilization_percent":	{
			"host_total":	2.5892992714491259,
			"host_user":	1.7667090577495246,
			"host_system":	0.82262784448775739,
			"remote_total":	0.0100957645147769,
			"remote_user":	0,
			"remote_system":	0.0100957645147769
		}
	}
}
