{
	"start":	{
		"connected":	[{
				"socket":	6,
				"local_host":	"192.168.225.23",
				"local_port":	49154,
				"remote_host":	"18.231.164.139",
				"remote_port":	5201
			}],
		"version":	"iperf 3.12",
		"system_info":	"Linux raspberrypi 6.6.20+rpt-rpi-v8 #1 SMP PREEMPT Debian 1:6.6.20-1+rpt1 (2024-03-07) aarch64",
		"timestamp":	{
			"time":	"Sun, 28 Apr 2024 14:22:06 GMT",
			"timesecs":	1714314126
		},
		"connecting_to":	{
			"host":	"18.231.164.139",
			"port":	5201
		},
		"cookie":	"gdrniohfpdzssakghdshbz7jowi6p7hh5c2w",
		"target_bitrate":	10000000,
		"sock_bufsize":	0,
		"sndbuf_actual":	212992,
		"rcvbuf_actual":	212992,
		"test_start":	{
			"protocol":	"UDP",
			"num_streams":	1,
			"blksize":	1412,
			"omit":	0,
			"duration":	5,
			"bytes":	0,
			"blocks":	0,
			"reverse":	0,
			"tos":	0,
			"target_bitrate":	10000000
		}
	},
	"intervals":	[{
			"streams":	[{
					"socket":	6,
					"start":	0,
					"end":	1.000063,
					"seconds":	1.0000629425048828,
					"bytes":	1249620,
					"bits_per_second":	9996330.80589944,
					"packets":	885,
					"omitted":	false,
					"sender":	true
				}],
			"sum":	{
				"start":	0,
				"end":	1.000063,
				"seconds":	1.0000629425048828,
				"bytes":	1249620,
				"bits_per_second":	9996330.80589944,
				"packets":	885,
				"omitted":	false,
				"sender":	true
			}
		}, {
			"streams":	[{
					"socket":	6,
					"start":	1.000063,
					"end":	2.000064,
					"seconds":	1.0000009536743164,
					"bytes":	1249620,
					"bits_per_second":	9996950.4661651,
					"packets":	885,
					"omitted":	false,
					"sender":	true
				}],
			"sum":	{
				"start":	1.000063,
				"end":	2.000064,
				"seconds":	1.0000009536743164,
				"bytes":	1249620,
				"bits_per_second":	9996950.4661651,
				"packets":	885,
				"omitted":	false,
				"sender":	true
			}
		}, {
			"streams":	[{
					"socket":	6,
					"start":	2.000064,
					"end":	3.000063,
					"seconds":	0.99999898672103882,
					"bytes":	1249620,
					"bits_per_second":	9996970.12971951,
					"packets":	885,
					"omitted":	false,
					"sender":	true
				}],
			"sum":	{
				"start":	2.000064,
				"end":	3.000063,
				"seconds":	0.99999898672103882,
				"bytes":	1249620,
				"bits_per_second":	9996970.12971951,
				"packets":	885,
				"omitted":	false,
				"sender":	true
			}
		}, {
			"streams":	[{
					"socket":	6,
					"start":	3.000063,
					"end":	4.000064,
					"seconds":	1.0000009536743164,
					"bytes":	1251032,
					"bits_per_second":	10008246.455392404,
					"packets":	886,
					"omitted":	false,
					"sender":	true
				}],
			"sum":	{
				"start":	3.000063,
				"end":	4.000064,
				"seconds":	1.0000009536743164,
				"bytes":	1251032,
				"bits_per_second":	10008246.455392404,
				"packets":	886,
				"omitted":	false,
				"sender":	true
			}
		}, {
			"streams":	[{
					"socket":	6,
					"start":	4.000064,
					"end":	5.000095,
					"seconds":	1.0000309944152832,
					"bytes":	1249620,
					"bits_per_second":	9996650.15967351,
					"packets":	885,
					"omitted":	false,
					"sender":	true
				}],
			"sum":	{
				"start":	4.000064,
				"end":	5.000095,
				"seconds":	1.0000309944152832,
				"bytes":	1249620,
				"bits_per_second":	9996650.15967351,
				"packets":	885,
				"omitted":	false,
				"sender":	true
			}
		}],
	"end":	{
		"streams":	[{
				"udp":	{
					"socket":	6,
					"start":	0,
					"end":	5.000095,
					"seconds":	5.000095,
					"bytes":	6249512,
					"bits_per_second":	9999029.21844485,
					"jitter_ms":	2.24667175901854,
					"lost_packets":	0,
					"packets":	4426,
					"lost_percent":	0,
					"out_of_order":	0,
					"sender":	true
				}
			}],
		"sum":	{
			"start":	0,
			"end":	5.091753,
			"seconds":	5.091753,
			"bytes":	6249512,
			"bits_per_second":	9999029.21844485,
			"jitter_ms":	2.24667175901854,
			"lost_packets":	0,
			"packets":	4426,
			"lost_percent":	0,
			"sender":	true
		},
		"sum_sent":	{
			"start":	0,
			"end":	5.000095,
			"seconds":	5.000095,
			"bytes":	6249512,
			"bits_per_second":	9999029.21844485,
			"jitter_ms":	0,
			"lost_packets":	0,
			"packets":	4426,
			"lost_percent":	0,
			"sender":	true
		},
		"sum_received":	{
			"start":	0,
			"end":	5.091753,
			"seconds":	5.091753,
			"bytes":	6249512,
			"bits_per_second":	9819034.0340546761,
			"jitter_ms":	2.24667175901854,
			"lost_packets":	0,
			"packets":	4426,
			"lost_percent":	0,
			"sender":	false
		},
		"cpu_utilization_percent":	{
			"host_total":	3.6845187664901884,
			"host_user":	0.75939980272237173,
			"host_system":	2.925156171921016,
			"remote_total":	0.033657208511329861,
			"remote_user":	0,
			"remote_system":	0.0336577471473205
		}
	}
}
